id,room_id/id,noted_date,temp,out/in
__export__.temp_log_196134_bd201015,Room Admin,08-12-2018 09:30,29,In
__export__.temp_log_196131_7bca51bc,Room Admin,08-12-2018 09:30,,In
__export__.temp_log_196127_522915e3,Room Admin,08-12-2018 09:29,41,Out
__export__.temp_log_196128_be0919cf,Room Admin,08-12-2018 09:29,41,Out
__export__.temp_log_196126_d30b72fb,Room Admin,08-12-2018 09:29,31,In
__export__.temp_log_196125_b0fa0b41,Room Admin,08-12-2018 09:29,31,In
__export__.temp_log_196121_01544d45,Room Admin,08-12-2018 09:28,29,In
__export__.temp_log_196122_f8b80a9f,Room Admin,08-12-2018 09:28,29,In
__export__.temp_log_196111_6b7a0848,Room Admin,08-12-2018 09:26,29,In
__export__.temp_log_196112_e134aebd,Room Admin,08-12-2018 09:26,29,In
__export__.temp_log_196108_4a983c7e,Room Admin,08-12-2018 09:25,42,Out
__export__.temp_log_196108_4a983c7e,Room Admin,08-12-2018 09:25,42,Out
__export__.temp_log_196101_d5ec7633,Room Admin,08-12-2018 09:24,29,In
__export__.temp_log_196099_3b8ef67b,Room Admin,08-12-2018 09:24,29,In
__export__.temp_log_196095_788b2c27,Room Admin,08-12-2018 09:22,29,In
__export__.temp_log_196096_eafb59b6,Room Admin,08-12-2018 09:22,29,In
__export__.temp_log_196094_38501388,Room Admin,08-12-2018 09:21,41,Out
__export__.temp_log_196093_f0b3b649,Room Admin,08-12-2018 09:21,41,Out
__export__.temp_log_196090_b5f7ca9c,Room Admin,08-12-2018 09:20,29,In
__export__.temp_log_102913_55fb2764,Room Admin,04-11-2018 10:31,33,In
__export__.temp_log_124876_198cc352,Room Admin,04-11-2018 10:19,32,In
__export__.temp_log_136391_aa6cb1b2,Room Admin,04-11-2018 10:11,33,In
__export__.temp_log_111889_3b4739d7,Room Admin,04-11-2018 10:09,32,In
__export__.temp_log_100607_aac4fe91,Room Admin,04-11-2018 10:07,33,In
__export__.temp_log_153912_a804d7a2,Room Admin,04-11-2018 10:05,48,Out
__export__.temp_log_147864_7949d37c,Room Admin,04-11-2018 10:03,47,Out
__export__.temp_log_141050_fe201f30,Room Admin,04-11-2018 10:01,33,In
__export__.temp_log_141484_11d89e8f,Room Admin,04-11-2018 09:59,48,Out
__export__.temp_log_134621_2855def6,Room Admin,04-11-2018 09:59,33,In
__export__.temp_log_120045_2444813e,Room Admin,04-11-2018 09:57,33,In
__export__.temp_log_103583_721794b0,Room Admin,04-11-2018 09:55,47,Out
__export__.temp_log_92570_2bed2a4e,Room Admin,04-11-2018 09:43,33,In
__export__.temp_log_123469_70a8ab22,Room Admin,04-11-2018 09:41,32,In
__export__.temp_log_131873_a2fb85fc,Room Admin,04-11-2018 09:31,48,Out
__export__.temp_log_93350_e08a930c,Room Admin,04-11-2018 09:25,32,In
__export__.temp_log_93817_507441d7,Room Admin,04-11-2018 09:23,47,Out
__export__.temp_log_107381_55c5c592,Room Admin,04-11-2018 09:21,46,Out
__export__.temp_log_131041_e4455e32,Room Admin,04-11-2018 09:19,45,Out
__export__.temp_log_130883_0b7878b5,Room Admin,04-11-2018 09:17,46,Out
__export__.temp_log_88405_5cca3e8c,Room Admin,04-11-2018 09:15,48,Out
__export__.temp_log_147017_b61e2e04,Room Admin,04-11-2018 09:13,49,Out
__export__.temp_log_141531_161116bb,Room Admin,04-11-2018 09:11,48,Out
__export__.temp_log_151872_226edabb,Room Admin,04-11-2018 09:09,49,Out
__export__.temp_log_154776_1666b300,Room Admin,04-11-2018 08:48,33,In
__export__.temp_log_105709_4ae94ac0,Room Admin,04-11-2018 08:47,48,Out
__export__.temp_log_100173_22153578,Room Admin,04-11-2018 08:46,32,In
__export__.temp_log_114358_71ef2542,Room Admin,04-11-2018 08:40,33,In
__export__.temp_log_130918_b6a5d67c,Room Admin,04-11-2018 08:38,33,In
__export__.temp_log_88462_79c94e32,Room Admin,04-11-2018 08:36,32,In
__export__.temp_log_121493_e110136b,Room Admin,04-11-2018 08:33,47,Out
__export__.temp_log_133074_f3772c1b,Room Admin,04-11-2018 08:32,33,In
__export__.temp_log_138739_6c8b4d95,Room Admin,04-11-2018 08:31,48,Out
__export__.temp_log_133644_32fff569,Room Admin,04-11-2018 08:30,32,In
__export__.temp_log_148743_1e537f5c,Room Admin,04-11-2018 08:26,33,In
__export__.temp_log_118572_6c8e9231,Room Admin,04-11-2018 08:25,49,Out
__export__.temp_log_107978_3529bee9,Room Admin,04-11-2018 08:24,32,In
__export__.temp_log_90825_b030819a,Room Admin,04-11-2018 08:21,48,Out
__export__.temp_log_113941_0ff0d26a,Room Admin,04-11-2018 08:20,33,In
__export__.temp_log_126253_bc677cc8,Room Admin,04-11-2018 08:17,47,Out
__export__.temp_log_124743_43dba925,Room Admin,04-11-2018 08:16,32,In
__export__.temp_log_114018_161bcd86,Room Admin,04-11-2018 08:14,33,In
__export__.temp_log_92596_3e975cbf,Room Admin,04-11-2018 08:12,32,In
__export__.temp_log_96467_1925103b,Room Admin,04-11-2018 08:10,33,In
__export__.temp_log_113559_d032edce,Room Admin,04-11-2018 08:08,32,In
__export__.temp_log_100715_de2bb860,Room Admin,04-11-2018 08:04,33,In
__export__.temp_log_133411_f97f7090,Room Admin,04-11-2018 08:02,32,In
__export__.temp_log_142880_7e977b19,Room Admin,04-11-2018 08:00,33,In
__export__.temp_log_136146_615ff90b,Room Admin,04-11-2018 07:58,33,In
__export__.temp_log_142896_013472d5,Room Admin,04-11-2018 07:54,32,In
__export__.temp_log_147815_696dbb27,Room Admin,04-11-2018 07:52,33,In
__export__.temp_log_86525_78b5a9b6,Room Admin,04-11-2018 07:49,48,Out
__export__.temp_log_127750_78de0e9a,Room Admin,04-11-2018 07:47,47,Out
__export__.temp_log_114326_d9fedc49,Room Admin,04-11-2018 07:31,48,Out
__export__.temp_log_128590_7ffe6312,Room Admin,04-11-2018 07:22,32,In
__export__.temp_log_122979_7d8fd5a9,Room Admin,04-11-2018 07:03,47,Out
__export__.temp_log_129454_65f77440,Room Admin,04-11-2018 07:00,32,In
__export__.temp_log_150060_ed6ce70a,Room Admin,04-11-2018 06:59,48,Out
__export__.temp_log_126703_e9e73c3f,Room Admin,04-11-2018 06:52,32,In
__export__.temp_log_89330_19d90003,Room Admin,04-11-2018 06:50,32,In
__export__.temp_log_88073_3d3bda20,Room Admin,04-11-2018 06:48,32,In
__export__.temp_log_124003_0cdb54b2,Room Admin,04-11-2018 06:45,47,Out
__export__.temp_log_148068_5828f8c1,Room Admin,04-11-2018 06:40,32,In
__export__.temp_log_103767_ddcbf981,Room Admin,04-11-2018 06:39,46,Out
__export__.temp_log_126110_4912088e,Room Admin,04-11-2018 06:38,32,In
__export__.temp_log_91074_830f8194,Room Admin,04-11-2018 06:37,47,Out
__export__.temp_log_149343_ad72cf53,Room Admin,04-11-2018 06:36,32,In
__export__.temp_log_130096_e7d1f9be,Room Admin,04-11-2018 06:32,32,In
__export__.temp_log_90468_40be633e,Room Admin,04-11-2018 06:31,46,Out
__export__.temp_log_111794_47d1cd38,Room Admin,04-11-2018 06:28,32,In
__export__.temp_log_137137_9c7ee827,Room Admin,04-11-2018 06:26,31,In
__export__.temp_log_100685_ce363f4c,Room Admin,04-11-2018 06:25,47,Out
__export__.temp_log_130155_3a7a4a80,Room Admin,04-11-2018 06:24,32,In
__export__.temp_log_122588_e7550c1e,Room Admin,04-11-2018 06:22,32,In
__export__.temp_log_106552_94681423,Room Admin,04-11-2018 06:18,32,In
__export__.temp_log_138187_f99dafa8,Room Admin,04-11-2018 06:14,31,In
__export__.temp_log_136274_8fe7ecf9,Room Admin,04-11-2018 06:12,32,In
__export__.temp_log_122882_f8582b76,Room Admin,04-11-2018 06:10,31,In
__export__.temp_log_129918_7cbd76ee,Room Admin,04-11-2018 06:06,32,In
__export__.temp_log_134991_ff9c1539,Room Admin,04-11-2018 06:04,31,In
__export__.temp_log_148145_8b72cfb7,Room Admin,04-11-2018 06:02,32,In
__export__.temp_log_90131_c2d4d1b2,Room Admin,04-11-2018 06:00,31,In
__export__.temp_log_94476_4fb1f6c4,Room Admin,04-11-2018 05:58,32,In
__export__.temp_log_91753_3d2ed02f,Room Admin,04-11-2018 05:56,32,In
__export__.temp_log_122155_1c2c7e61,Room Admin,04-11-2018 05:54,32,In
__export__.temp_log_99328_e49edcb0,Room Admin,04-11-2018 05:53,46,Out
__export__.temp_log_145460_007e3d44,Room Admin,04-11-2018 05:52,31,In
__export__.temp_log_99348_be385ced,Room Admin,04-11-2018 05:50,32,In
__export__.temp_log_151629_5fa102de,Room Admin,04-11-2018 05:48,31,In
__export__.temp_log_108422_c3a9b733,Room Admin,04-11-2018 05:47,46,Out
__export__.temp_log_110132_8d2e18ee,Room Admin,04-11-2018 05:46,31,In
__export__.temp_log_126132_b78a4b10,Room Admin,04-11-2018 05:44,31,In
__export__.temp_log_96443_9c500f06,Room Admin,04-11-2018 05:42,32,In
__export__.temp_log_153895_6ae625ac,Room Admin,04-11-2018 05:36,31,In
__export__.temp_log_122467_7df6d756,Room Admin,04-11-2018 05:34,31,In
__export__.temp_log_97567_95b31c1a,Room Admin,04-11-2018 05:32,31,In
__export__.temp_log_150188_e1ebc10d,Room Admin,04-11-2018 05:30,31,In
__export__.temp_log_120464_64d7b512,Room Admin,04-11-2018 05:24,31,In
__export__.temp_log_88019_c89a2ce6,Room Admin,04-11-2018 05:21,46,Out
__export__.temp_log_126085_1c73bd3c,Room Admin,04-11-2018 05:20,31,In
__export__.temp_log_112666_4076cebc,Room Admin,04-11-2018 05:18,32,In
__export__.temp_log_138444_6535595b,Room Admin,04-11-2018 05:14,31,In
__export__.temp_log_90796_0e1b2412,Room Admin,04-11-2018 05:13,45,Out
__export__.temp_log_121628_4e56e7cf,Room Admin,04-11-2018 05:10,31,In
__export__.temp_log_91433_54c2e1d6,Room Admin,04-11-2018 05:09,45,Out
__export__.temp_log_150484_a2129e04,Room Admin,04-11-2018 05:06,31,In
__export__.temp_log_91412_959fba23,Room Admin,04-11-2018 05:04,31,In
__export__.temp_log_109798_32458e50,Room Admin,04-11-2018 05:03,45,Out
__export__.temp_log_152186_1e3a4032,Room Admin,04-11-2018 05:01,45,Out
__export__.temp_log_115134_bb316409,Room Admin,04-11-2018 05:00,31,In
__export__.temp_log_127304_f6ad8222,Room Admin,04-11-2018 04:59,45,Out
__export__.temp_log_96000_c1d51ade,Room Admin,04-11-2018 04:58,31,In
__export__.temp_log_132395_098857be,Room Admin,04-11-2018 04:49,45,Out
__export__.temp_log_130732_4604387f,Room Admin,04-11-2018 04:47,45,Out
__export__.temp_log_115061_1de4a556,Room Admin,04-11-2018 04:46,31,In
__export__.temp_log_95911_e82920ed,Room Admin,04-11-2018 04:44,31,In
__export__.temp_log_86506_4b4bfc4c,Room Admin,04-11-2018 04:41,44,Out
__export__.temp_log_98301_e29c5fac,Room Admin,04-11-2018 04:37,44,Out
__export__.temp_log_102261_83e909f1,Room Admin,04-11-2018 04:35,44,Out
__export__.temp_log_93455_ab9c741d,Room Admin,04-11-2018 04:25,44,Out
__export__.temp_log_149447_90e0ed2f,Room Admin,04-11-2018 04:23,44,Out
__export__.temp_log_140919_ea1b7621,Room Admin,04-11-2018 04:20,31,In
__export__.temp_log_144538_71699154,Room Admin,04-11-2018 04:19,44,Out
__export__.temp_log_113152_6bf93ec5,Room Admin,04-11-2018 04:18,31,In
__export__.temp_log_117890_5bb2ca25,Room Admin,04-11-2018 04:15,44,Out
__export__.temp_log_118878_e4d2d8f0,Room Admin,04-11-2018 04:14,31,In
__export__.temp_log_105880_68a29cfe,Room Admin,04-11-2018 04:13,44,Out
__export__.temp_log_97138_eda8c588,Room Admin,04-11-2018 04:12,31,In
__export__.temp_log_128507_4850d486,Room Admin,04-11-2018 04:11,43,Out
__export__.temp_log_96654_93cbef7d,Room Admin,04-11-2018 04:10,31,In
__export__.temp_log_86351_d4c0a3ae,Room Admin,04-11-2018 04:06,31,In
__export__.temp_log_127651_92aad6a3,Room Admin,04-11-2018 04:05,44,Out
__export__.temp_log_137455_74e6c2ba,Room Admin,04-11-2018 04:03,43,Out
__export__.temp_log_156725_04074933,Room Admin,04-11-2018 04:01,43,Out
__export__.temp_log_96884_b84f4d10,Room Admin,04-11-2018 03:59,43,Out
__export__.temp_log_115822_2ae2b9e0,Room Admin,04-11-2018 03:57,43,Out
__export__.temp_log_137633_5d2f9b70,Room Admin,04-11-2018 03:56,31,In
__export__.temp_log_91077_62f68068,Room Admin,04-11-2018 03:55,43,Out
__export__.temp_log_100127_b2d9a86d,Room Admin,04-11-2018 03:54,31,In
__export__.temp_log_101422_7c4e4d82,Room Admin,04-11-2018 03:52,31,In
__export__.temp_log_108750_10f89bff,Room Admin,04-11-2018 03:51,42,Out
__export__.temp_log_117345_92ebcb20,Room Admin,04-11-2018 03:50,31,In
__export__.temp_log_95685_6c9fba85,Room Admin,04-11-2018 03:49,42,Out
__export__.temp_log_104856_cac69734,Room Admin,04-11-2018 03:48,31,In
__export__.temp_log_129702_6b642929,Room Admin,04-11-2018 03:47,42,Out
__export__.temp_log_86825_230bbd60,Room Admin,04-11-2018 03:46,31,In
__export__.temp_log_110324_6f2db3ae,Room Admin,04-11-2018 03:43,42,Out
__export__.temp_log_111443_85541e94,Room Admin,04-11-2018 03:42,31,In
__export__.temp_log_152492_73eddfdd,Room Admin,04-11-2018 03:41,42,Out
__export__.temp_log_142922_6abd5fa4,Room Admin,04-11-2018 03:40,31,In
__export__.temp_log_118756_6f30803f,Room Admin,04-11-2018 03:38,31,In
__export__.temp_log_92565_5c9e1752,Room Admin,04-11-2018 03:36,31,In
__export__.temp_log_143999_d3259c1b,Room Admin,04-11-2018 03:33,42,Out
__export__.temp_log_107173_781525bc,Room Admin,04-11-2018 03:29,42,Out
__export__.temp_log_108001_6e7008fb,Room Admin,04-11-2018 03:27,41,Out
__export__.temp_log_138209_feeb2079,Room Admin,04-11-2018 03:25,41,Out
__export__.temp_log_150326_57fc5b5a,Room Admin,04-11-2018 03:24,31,In
__export__.temp_log_86850_33dc6a8b,Room Admin,04-11-2018 03:21,42,Out
__export__.temp_log_95839_fe1b1422,Room Admin,04-11-2018 03:19,42,Out
__export__.temp_log_91998_1b0e1edd,Room Admin,04-11-2018 03:15,41,Out
__export__.temp_log_120101_c2781f36,Room Admin,04-11-2018 03:13,41,Out
__export__.temp_log_85836_f2de847a,Room Admin,04-11-2018 03:12,31,In
__export__.temp_log_117079_3b238082,Room Admin,04-11-2018 03:08,31,In
__export__.temp_log_120188_cc220703,Room Admin,04-11-2018 03:07,41,Out
__export__.temp_log_110972_243e5bb9,Room Admin,04-11-2018 03:05,41,Out
__export__.temp_log_121611_928033da,Room Admin,04-11-2018 03:03,40,Out
__export__.temp_log_95095_e2b5d20a,Room Admin,04-11-2018 03:01,41,Out
__export__.temp_log_86202_f3943f67,Room Admin,04-11-2018 02:59,40,Out
__export__.temp_log_90046_a50c164e,Room Admin,04-11-2018 02:55,41,Out
__export__.temp_log_106601_4a1ad167,Room Admin,04-11-2018 02:53,40,Out
__export__.temp_log_129386_3717b79d,Room Admin,04-11-2018 02:51,39,Out
__export__.temp_log_145750_80a52b70,Room Admin,04-11-2018 02:50,31,In
__export__.temp_log_94239_01ce6ad6,Room Admin,04-11-2018 02:47,40,Out
__export__.temp_log_128448_7f2e757e,Room Admin,04-11-2018 02:46,31,In
__export__.temp_log_139901_bd2ba805,Room Admin,04-11-2018 02:45,39,Out
__export__.temp_log_148719_9bd6eaac,Room Admin,04-11-2018 02:43,39,Out
__export__.temp_log_127365_d4a4fabc,Room Admin,04-11-2018 02:41,38,Out
__export__.temp_log_123393_61ef33b3,Room Admin,04-11-2018 02:39,39,Out
__export__.temp_log_97001_0542ae98,Room Admin,04-11-2018 02:37,38,Out
__export__.temp_log_141306_9880f694,Room Admin,04-11-2018 02:33,37,Out
__export__.temp_log_98519_0b7f1c2c,Room Admin,04-11-2018 02:31,38,Out
__export__.temp_log_139491_ec2d2eb0,Room Admin,04-11-2018 02:30,31,In
__export__.temp_log_142636_91c1068b,Room Admin,04-11-2018 02:29,37,Out
__export__.temp_log_110659_5e99328f,Room Admin,04-11-2018 02:27,38,Out
__export__.temp_log_139630_b98683dd,Room Admin,04-11-2018 02:25,38,Out
__export__.temp_log_90032_3d975347,Room Admin,04-11-2018 02:21,37,Out
__export__.temp_log_102906_6785bb29,Room Admin,04-11-2018 02:19,36,Out
__export__.temp_log_96129_13adb8dc,Room Admin,04-11-2018 02:18,31,In
__export__.temp_log_147730_ccb5e11d,Room Admin,04-11-2018 02:15,38,Out
__export__.temp_log_95606_9e6bdcdd,Room Admin,04-11-2018 02:13,37,Out
__export__.temp_log_151291_45ae4d6f,Room Admin,04-11-2018 02:12,31,In
__export__.temp_log_149780_31879c9e,Room Admin,04-11-2018 02:11,37,Out
__export__.temp_log_145685_3558288b,Room Admin,04-11-2018 02:09,38,Out
__export__.temp_log_88947_58fa9488,Room Admin,04-11-2018 02:08,38,Out
__export__.temp_log_88911_37c7efe7,Room Admin,04-11-2018 02:06,31,In
__export__.temp_log_130761_a4658c21,Room Admin,04-11-2018 02:06,38,Out
__export__.temp_log_87967_0d270e65,Room Admin,04-11-2018 02:04,38,Out
__export__.temp_log_87705_7a3018de,Room Admin,04-11-2018 01:58,39,Out
__export__.temp_log_88406_b65dac8a,Room Admin,04-11-2018 01:56,39,Out
__export__.temp_log_139286_f5937f7b,Room Admin,04-11-2018 01:54,40,Out
__export__.temp_log_141228_576d758c,Room Admin,04-11-2018 01:52,41,Out
__export__.temp_log_141455_def825e6,Room Admin,04-11-2018 01:48,40,Out
__export__.temp_log_121415_96b7ebc4,Room Admin,04-11-2018 01:44,39,Out
__export__.temp_log_115171_55abb910,Room Admin,04-11-2018 01:40,39,Out
__export__.temp_log_103863_200b4eaa,Room Admin,04-11-2018 01:38,38,Out
__export__.temp_log_136629_3c9e2375,Room Admin,04-11-2018 01:36,38,Out
__export__.temp_log_138860_2a6a2cbb,Room Admin,04-11-2018 01:34,38,Out
__export__.temp_log_135750_936a28c7,Room Admin,04-11-2018 01:32,40,Out
__export__.temp_log_92198_507107ce,Room Admin,04-11-2018 01:30,40,Out
__export__.temp_log_133338_5a5a8ced,Room Admin,04-11-2018 01:28,40,Out
__export__.temp_log_150442_3f95c224,Room Admin,04-11-2018 01:26,41,Out
__export__.temp_log_132289_f4aba288,Room Admin,04-11-2018 01:24,40,Out
__export__.temp_log_137193_3715f313,Room Admin,04-11-2018 01:22,39,Out
__export__.temp_log_121136_de454b50,Room Admin,04-11-2018 01:20,40,Out
__export__.temp_log_147396_9bf6b615,Room Admin,04-11-2018 01:18,31,In
__export__.temp_log_155061_7315a79e,Room Admin,04-11-2018 01:18,39,Out
__export__.temp_log_121201_f941e57b,Room Admin,04-11-2018 01:12,40,Out
__export__.temp_log_121614_1e22a476,Room Admin,04-11-2018 01:12,31,In
__export__.temp_log_116431_43e141da,Room Admin,04-11-2018 01:10,32,In
__export__.temp_log_105984_90201bfe,Room Admin,04-11-2018 01:08,40,Out
__export__.temp_log_107426_b3bed284,Room Admin,04-11-2018 01:08,31,In
__export__.temp_log_116658_767eb7e1,Room Admin,04-11-2018 01:06,31,In
__export__.temp_log_119698_37d6e6df,Room Admin,04-11-2018 01:06,41,Out
__export__.temp_log_110562_8d9171ac,Room Admin,04-11-2018 01:04,42,Out
__export__.temp_log_93676_140c196d,Room Admin,04-11-2018 01:02,41,Out
__export__.temp_log_148216_9cac05cc,Room Admin,04-11-2018 01:00,42,Out
__export__.temp_log_119871_99f5502c,Room Admin,04-11-2018 00:58,41,Out
__export__.temp_log_148020_3545b819,Room Admin,04-11-2018 00:58,31,In
__export__.temp_log_128361_451e7453,Room Admin,04-11-2018 00:56,42,Out
__export__.temp_log_135321_f4e9ce4b,Room Admin,04-11-2018 00:56,32,In
__export__.temp_log_120309_408dceb0,Room Admin,04-11-2018 00:54,31,In
__export__.temp_log_141738_f1b31768,Room Admin,04-11-2018 00:52,41,Out
__export__.temp_log_152248_564c5b7f,Room Admin,04-11-2018 00:50,41,Out
__export__.temp_log_91975_ce88ac70,Room Admin,04-11-2018 00:48,40,Out
__export__.temp_log_126524_79c5c370,Room Admin,04-11-2018 00:46,41,Out
__export__.temp_log_116388_54cddb93,Room Admin,04-11-2018 00:44,39,Out
__export__.temp_log_140958_fd9f30bc,Room Admin,04-11-2018 00:42,40,Out
__export__.temp_log_107910_bc355d23,Room Admin,04-11-2018 00:42,31,In
__export__.temp_log_130345_3924f7f4,Room Admin,04-11-2018 00:40,40,Out
__export__.temp_log_126947_786c6715,Room Admin,04-11-2018 00:38,41,Out
__export__.temp_log_124237_223c87af,Room Admin,04-11-2018 00:36,42,Out
__export__.temp_log_138622_3d87335c,Room Admin,04-11-2018 00:34,41,Out
__export__.temp_log_107980_d715210e,Room Admin,04-11-2018 00:30,42,Out
__export__.temp_log_98205_7d90d4c4,Room Admin,04-11-2018 00:28,43,Out
__export__.temp_log_102298_f8b1897b,Room Admin,04-11-2018 00:25,31,In
__export__.temp_log_109042_3ca8c773,Room Admin,04-11-2018 00:23,31,In
__export__.temp_log_124879_00a3bd42,Room Admin,04-11-2018 00:22,42,Out
__export__.temp_log_111825_85b75431,Room Admin,04-11-2018 00:21,31,In
__export__.temp_log_104975_02debc9f,Room Admin,04-11-2018 00:10,42,Out
__export__.temp_log_155490_bc4e59b5,Room Admin,04-11-2018 00:08,41,Out
__export__.temp_log_133622_bb13b58c,Room Admin,04-11-2018 00:06,41,Out
__export__.temp_log_101495_5eff48bf,Room Admin,04-11-2018 00:00,42,Out
__export__.temp_log_114660_978ca474,Room Admin,03-11-2018 23:57,31,In
__export__.temp_log_151084_bb65c2f8,Room Admin,03-11-2018 23:55,31,In
__export__.temp_log_151634_3761cd6e,Room Admin,03-11-2018 23:50,42,Out
__export__.temp_log_119240_72ece4fa,Room Admin,03-11-2018 23:48,42,Out
__export__.temp_log_145711_bb5e959b,Room Admin,03-11-2018 23:44,41,Out
__export__.temp_log_112275_76485e32,Room Admin,03-11-2018 23:42,40,Out
__export__.temp_log_106887_6a2eae46,Room Admin,03-11-2018 23:38,41,Out
__export__.temp_log_128149_977608c2,Room Admin,03-11-2018 23:34,42,Out
__export__.temp_log_140668_23e7b242,Room Admin,03-11-2018 23:32,41,Out
__export__.temp_log_148976_92e95471,Room Admin,03-11-2018 23:30,41,Out
__export__.temp_log_154458_1b45be21,Room Admin,03-11-2018 23:28,41,Out
__export__.temp_log_97457_5ba091ad,Room Admin,03-11-2018 23:26,42,Out
__export__.temp_log_153368_e11b80d6,Room Admin,03-11-2018 23:22,42,Out
__export__.temp_log_142832_c0a73b30,Room Admin,03-11-2018 23:20,41,Out
__export__.temp_log_133553_682c70e9,Room Admin,03-11-2018 23:18,41,Out
__export__.temp_log_97749_f0bb8c8f,Room Admin,03-11-2018 23:14,40,Out
__export__.temp_log_118046_9bd2f1d4,Room Admin,03-11-2018 23:12,40,Out
__export__.temp_log_132461_9d565566,Room Admin,03-11-2018 23:10,42,Out
__export__.temp_log_124037_0ddecd13,Room Admin,03-11-2018 23:08,41,Out
__export__.temp_log_153840_725b2221,Room Admin,03-11-2018 23:06,40,Out
__export__.temp_log_89775_9f627969,Room Admin,03-11-2018 23:04,41,Out
__export__.temp_log_151821_22e0a3ee,Room Admin,03-11-2018 23:02,42,Out
__export__.temp_log_134413_9d1c0873,Room Admin,03-11-2018 22:58,43,Out
__export__.temp_log_118021_124d4d88,Room Admin,03-11-2018 22:54,43,Out
__export__.temp_log_114368_648a7243,Room Admin,03-11-2018 22:53,31,In
__export__.temp_log_118834_bb40a5b9,Room Admin,03-11-2018 22:52,42,Out
__export__.temp_log_98415_d6107908,Room Admin,03-11-2018 22:51,32,In
__export__.temp_log_143320_8aad156c,Room Admin,03-11-2018 22:48,43,Out
__export__.temp_log_101692_2fadaf43,Room Admin,03-11-2018 22:44,42,Out
__export__.temp_log_131655_9cec8bc6,Room Admin,03-11-2018 22:40,43,Out
__export__.temp_log_101776_a64a4f5c,Room Admin,03-11-2018 22:38,43,Out
__export__.temp_log_93182_c6e91eb8,Room Admin,03-11-2018 22:36,43,Out
__export__.temp_log_120126_8966d08b,Room Admin,03-11-2018 22:34,43,Out
__export__.temp_log_86673_7f6c9eb7,Room Admin,03-11-2018 22:32,42,Out
__export__.temp_log_134481_919396c2,Room Admin,03-11-2018 22:30,42,Out
__export__.temp_log_94774_1f864548,Room Admin,03-11-2018 22:28,41,Out
__export__.temp_log_89772_799f0dff,Room Admin,03-11-2018 22:26,41,Out
__export__.temp_log_143464_1de68bf9,Room Admin,03-11-2018 22:24,42,Out
__export__.temp_log_131023_d6557658,Room Admin,03-11-2018 22:22,43,Out
__export__.temp_log_88142_0b90a13c,Room Admin,03-11-2018 22:19,31,In
__export__.temp_log_139846_f54f383a,Room Admin,03-11-2018 22:18,42,Out
__export__.temp_log_130287_4682cc19,Room Admin,03-11-2018 22:17,32,In
__export__.temp_log_99482_70432564,Room Admin,03-11-2018 22:16,41,Out
__export__.temp_log_110214_60999180,Room Admin,03-11-2018 22:12,41,Out
__export__.temp_log_113972_c9612f43,Room Admin,03-11-2018 22:08,42,Out
__export__.temp_log_97621_efdeaf14,Room Admin,03-11-2018 22:07,31,In
__export__.temp_log_127631_f1ef774a,Room Admin,29-07-2018 04:28,33,In
__export__.temp_log_93806_c739d2a2,Room Admin,29-07-2018 04:27,31,Out
__export__.temp_log_132246_977e530d,Room Admin,29-07-2018 04:27,32,Out
__export__.temp_log_144522_a4169cec,Room Admin,29-07-2018 04:26,32,In
__export__.temp_log_114978_6b602b7a,Room Admin,29-07-2018 04:26,33,In
__export__.temp_log_135197_268bd332,Room Admin,29-07-2018 04:24,31,Out
__export__.temp_log_89315_1d03c538,Room Admin,29-07-2018 04:24,32,Out
__export__.temp_log_134790_5a9ec293,Room Admin,29-07-2018 04:22,31,Out
__export__.temp_log_120531_82846f92,Room Admin,29-07-2018 04:22,30,Out
__export__.temp_log_139513_c4769aa6,Room Admin,29-07-2018 04:21,31,Out
__export__.temp_log_90034_3526cf8e,Room Admin,29-07-2018 04:21,32,Out
__export__.temp_log_146636_6d032243,Room Admin,29-07-2018 04:19,31,Out
__export__.temp_log_145497_e2477bf1,Room Admin,29-07-2018 04:19,31,Out
__export__.temp_log_122384_b6c51a97,Room Admin,29-07-2018 04:19,31,Out
__export__.temp_log_137367_6dddbd0c,Room Admin,29-07-2018 04:19,31,Out
__export__.temp_log_111682_8838044d,Room Admin,29-07-2018 04:19,31,Out
__export__.temp_log_107252_5b85b40a,Room Admin,29-07-2018 04:19,31,Out
__export__.temp_log_88527_26fc8593,Room Admin,29-07-2018 04:19,31,Out
__export__.temp_log_105987_def282a4,Room Admin,28-07-2018 07:29,32,Out
__export__.temp_log_102223_12ce885c,Room Admin,28-07-2018 07:28,32,Out
__export__.temp_log_108326_072864ca,Room Admin,28-07-2018 07:28,32,Out
__export__.temp_log_145991_1c4b65b3,Room Admin,28-07-2018 07:28,32,Out
__export__.temp_log_103937_ef164546,Room Admin,28-07-2018 07:26,32,Out
__export__.temp_log_125825_e729aa10,Room Admin,28-07-2018 07:26,31,Out
__export__.temp_log_139992_c364c7c2,Room Admin,28-07-2018 07:24,32,Out
__export__.temp_log_112728_6f167945,Room Admin,28-07-2018 07:24,31,Out
__export__.temp_log_131897_6b71d333,Room Admin,28-07-2018 07:24,31,In
__export__.temp_log_125453_c2a25c54,Room Admin,28-07-2018 07:24,31,In
__export__.temp_log_89523_fd39bb57,Room Admin,28-07-2018 07:23,31,In
__export__.temp_log_116289_1b27c72b,Room Admin,28-07-2018 07:23,31,In
__export__.temp_log_87391_c7068246,Room Admin,28-07-2018 07:23,31,In
__export__.temp_log_156694_2888329e,Room Admin,28-07-2018 07:23,31,In
__export__.temp_log_134308_376f337c,Room Admin,28-07-2018 07:23,31,In
__export__.temp_log_93865_cf5eb597,Room Admin,28-07-2018 07:23,31,In
__export__.temp_log_98495_534801b0,Room Admin,28-07-2018 07:23,31,In
__export__.temp_log_141582_b235ab7d,Room Admin,28-07-2018 07:23,31,In
__export__.temp_log_148051_d5d9b7f4,Room Admin,28-07-2018 07:23,31,In
__export__.temp_log_132192_ea62b029,Room Admin,28-07-2018 07:23,31,In
__export__.temp_log_141022_b210d23b,Room Admin,28-07-2018 07:22,31,In
__export__.temp_log_141579_a76dda48,Room Admin,28-07-2018 07:22,31,In
__export__.temp_log_118886_ff62ff16,Room Admin,28-07-2018 07:22,31,In
__export__.temp_log_139300_46303aeb,Room Admin,28-07-2018 07:22,31,In
__export__.temp_log_132003_41ff4f94,Room Admin,28-07-2018 07:22,31,In
__export__.temp_log_94961_3a86f79d,Room Admin,28-07-2018 07:22,31,In
__export__.temp_log_125912_9831a886,Room Admin,28-07-2018 07:21,32,Out
__export__.temp_log_107158_1576d6f6,Room Admin,28-07-2018 07:21,31,Out
__export__.temp_log_115371_db05d25a,Room Admin,28-07-2018 07:20,32,Out
__export__.temp_log_136561_1cd224f6,Room Admin,28-07-2018 07:20,31,Out
__export__.temp_log_149070_46b6975f,Room Admin,28-07-2018 07:19,32,Out
__export__.temp_log_112094_61e2ccfd,Room Admin,28-07-2018 07:19,31,Out
__export__.temp_log_100909_eef95064,Room Admin,28-07-2018 07:18,32,Out
__export__.temp_log_92861_8da3a21c,Room Admin,28-07-2018 07:18,32,Out
__export__.temp_log_119409_f9ee5096,Room Admin,28-07-2018 07:18,32,Out
__export__.temp_log_90041_5012a5e8,Room Admin,28-07-2018 07:18,31,Out
__export__.temp_log_99083_a4ce2479,Room Admin,28-07-2018 07:17,32,Out
__export__.temp_log_118668_e3a1a822,Room Admin,28-07-2018 07:17,32,Out
__export__.temp_log_127137_3f935b7d,Room Admin,28-07-2018 07:17,32,Out
__export__.temp_log_129653_822d9ba8,Room Admin,28-07-2018 07:16,32,Out
__export__.temp_log_128245_8e2d537f,Room Admin,28-07-2018 07:16,32,Out
__export__.temp_log_141865_a5613434,Room Admin,28-07-2018 07:16,32,Out
__export__.temp_log_147077_ae461167,Room Admin,28-07-2018 07:16,31,Out
__export__.temp_log_120402_14ac02b7,Room Admin,28-07-2018 07:16,32,Out
__export__.temp_log_148439_d361d3c8,Room Admin,28-07-2018 07:16,31,Out
__export__.temp_log_152995_c22dce3b,Room Admin,28-07-2018 07:16,32,Out
__export__.temp_log_155250_0e1803d6,Room Admin,28-07-2018 07:16,31,Out
__export__.temp_log_114516_38f9fcc0,Room Admin,28-07-2018 07:15,32,Out
__export__.temp_log_125732_d7c70b7b,Room Admin,28-07-2018 07:14,32,Out
__export__.temp_log_110367_470f2cf0,Room Admin,28-07-2018 07:14,32,Out
__export__.temp_log_87925_41f1e6d9,Room Admin,28-07-2018 07:10,31,In
__export__.temp_log_148010_12bbd064,Room Admin,28-07-2018 07:09,32,Out
__export__.temp_log_98383_615cf2dc,Room Admin,28-07-2018 07:09,33,Out
__export__.temp_log_105953_93728da8,Room Admin,28-07-2018 07:08,31,In
__export__.temp_log_86147_1f5a5f24,Room Admin,28-07-2018 07:08,31,In
__export__.temp_log_147191_45657027,Room Admin,28-07-2018 07:08,31,Out
__export__.temp_log_89868_10ea8687,Room Admin,28-07-2018 07:08,31,In
__export__.temp_log_102210_97ab4d05,Room Admin,28-07-2018 07:08,31,In
__export__.temp_log_118398_6ebe504d,Room Admin,28-07-2018 07:07,31,In
__export__.temp_log_144221_a4f20688,Room Admin,28-07-2018 07:07,31,In
__export__.temp_log_107932_635ad0d5,Room Admin,28-07-2018 07:07,31,In
__export__.temp_log_141279_6e636d84,Room Admin,28-07-2018 07:07,32,Out
__export__.temp_log_151558_e173cfc0,Room Admin,28-07-2018 07:07,32,Out
__export__.temp_log_108772_5320522a,Room Admin,28-07-2018 07:07,31,In
__export__.temp_log_91256_1662b2f0,Room Admin,28-07-2018 07:07,31,In
__export__.temp_log_124384_b9c59547,Room Admin,28-07-2018 07:07,31,In
__export__.temp_log_95772_5455265d,Room Admin,28-07-2018 07:07,32,Out
__export__.temp_log_122731_5492ccfb,Room Admin,28-07-2018 07:07,31,In
__export__.temp_log_140815_e99f7c14,Room Admin,28-07-2018 07:07,31,In
__export__.temp_log_99990_0866b052,Room Admin,28-07-2018 07:07,32,Out
__export__.temp_log_106366_5b89332c,Room Admin,28-07-2018 07:07,32,Out
__export__.temp_log_98227_2cd1d896,Room Admin,28-07-2018 07:07,31,In
__export__.temp_log_134226_8ab38c92,Room Admin,28-07-2018 07:07,31,In
__export__.temp_log_103527_821b52a4,Room Admin,28-07-2018 07:07,31,In
__export__.temp_log_143561_85c9c005,Room Admin,28-07-2018 07:07,31,In
__export__.temp_log_151429_d1fd1976,Room Admin,28-07-2018 07:07,31,In
__export__.temp_log_128809_5b2685b6,Room Admin,28-07-2018 07:07,32,Out
__export__.temp_log_132248_488676e6,Room Admin,28-07-2018 07:07,31,In
__export__.temp_log_111718_05b8d88d,Room Admin,28-07-2018 07:07,32,Out
__export__.temp_log_96677_28b0568f,Room Admin,28-07-2018 07:07,31,In
__export__.temp_log_110269_898976fc,Room Admin,28-07-2018 07:07,31,In
__export__.temp_log_124155_da310d7b,Room Admin,28-07-2018 07:07,32,Out
__export__.temp_log_121414_9004c748,Room Admin,28-07-2018 07:07,31,In
__export__.temp_log_91076_7fbd08ca,Room Admin,28-07-2018 07:07,31,In
__export__.temp_log_147733_62c03f31,Room Admin,28-07-2018 07:07,31,In
__export__.temp_log_100386_84093a68,Room Admin,28-07-2018 07:06,31,In
__export__.temp_log_123297_4d8e690b,Room Admin,28-07-2018 07:06,31,In
__export__.temp_log_133741_32958703,Room Admin,28-07-2018 07:06,31,In
